,channel1,channel2
0,0.0,0.0
1,1663846062940.0,7509.0
2,1663846062940.0,7509.0
3,1663846062940.0,7509.0
4,1663846062940.0,7509.0
5,1663846062940.0,7509.0
6,1663846062940.0,7509.0
7,1663846062940.0,7509.0
8,1663846062940.0,7509.0
9,1663846062940.0,7509.0
10,1663846072940.0,7611.0
11,1663846072940.0,7611.0
12,1663846072940.0,7611.0
13,1663846072940.0,7611.0
14,1663846072940.0,7611.0
15,1663846072940.0,7611.0
16,1663846072940.0,7611.0
17,1663846072940.0,7611.0
18,1663846072940.0,7611.0
19,1663846072940.0,7611.0
20,1663846082940.0,7609.0
21,1663846082940.0,7609.0
22,1663846082940.0,7609.0
23,1663846082940.0,7609.0
24,1663846082940.0,7609.0
25,1663846082940.0,7609.0
26,1663846082940.0,7609.0
27,1663846082940.0,7609.0
28,1663846082940.0,7609.0
29,1663846082940.0,7609.0
30,1663846092940.0,7666.0
31,1663846092940.0,7666.0
32,1663846092940.0,7666.0
33,1663846092940.0,7666.0
34,1663846092940.0,7666.0
35,1663846092940.0,7666.0
36,1663846092940.0,7666.0
37,1663846092940.0,7666.0
38,1663846092940.0,7666.0
39,1663846092940.0,7666.0
40,1663846102940.0,7641.0
41,1663846102940.0,7641.0
42,1663846102940.0,7641.0
43,1663846102940.0,7641.0
44,1663846102940.0,7641.0
45,1663846102940.0,7641.0
46,1663846102940.0,7641.0
47,1663846102940.0,7641.0
48,1663846102940.0,7641.0
49,1663846102940.0,7641.0
50,1663846112940.0,7679.0
51,1663846112940.0,7679.0
52,1663846112940.0,7679.0
53,1663846112940.0,7679.0
54,1663846112940.0,7679.0
55,1663846112940.0,7679.0
56,1663846112940.0,7679.0
57,1663846112940.0,7679.0
58,1663846112940.0,7679.0
59,1663846112940.0,7679.0
60,1663846122940.0,7658.0
61,1663846122940.0,7658.0
62,1663846122940.0,7658.0
63,1663846122940.0,7658.0
64,1663846122940.0,7658.0
65,1663846122940.0,7658.0
66,1663846122940.0,7658.0
67,1663846122940.0,7658.0
68,1663846122940.0,7658.0
69,1663846122940.0,7658.0
70,1663846132940.0,7697.0
71,1663846132940.0,7697.0
72,1663846132940.0,7697.0
73,1663846132940.0,7697.0
74,1663846132940.0,7697.0
75,1663846132940.0,7697.0
76,1663846132940.0,7697.0
77,1663846132940.0,7697.0
78,1663846132940.0,7697.0
79,1663846132940.0,7697.0
80,1663846142940.0,7696.0
81,1663846142940.0,7696.0
82,1663846142940.0,7696.0
83,1663846142940.0,7696.0
84,1663846142940.0,7696.0
85,1663846142940.0,7696.0
86,1663846142940.0,7696.0
87,1663846142940.0,7696.0
88,1663846142940.0,7696.0
89,1663846142940.0,7696.0
90,1663846152940.0,7730.0
91,1663846152940.0,7730.0
92,1663846152940.0,7730.0
93,1663846152940.0,7730.0
94,1663846152940.0,7730.0
95,1663846152940.0,7730.0
96,1663846152940.0,7730.0
97,1663846152940.0,7730.0
98,1663846152940.0,7730.0
99,1663846152940.0,7730.0
100,1663846162940.0,7724.0
101,1663846162940.0,7724.0
102,1663846162940.0,7724.0
103,1663846162940.0,7724.0
104,1663846162940.0,7724.0
105,1663846162940.0,7724.0
106,1663846162940.0,7724.0
107,1663846162940.0,7724.0
108,1663846162940.0,7724.0
109,1663846162940.0,7724.0
110,1663846172940.0,7714.0
111,1663846172940.0,7714.0
112,1663846172940.0,7714.0
113,1663846172940.0,7714.0
114,1663846172940.0,7714.0
115,1663846172940.0,7714.0
116,1663846172940.0,7714.0
117,1663846172940.0,7714.0
118,1663846172940.0,7714.0
119,1663846182940.0,7716.0
120,1663846182940.0,7716.0
121,1663846182940.0,7716.0
122,1663846182940.0,7716.0
123,1663846182940.0,7716.0
124,1663846182940.0,7716.0
125,1663846182940.0,7716.0
126,1663846182940.0,7716.0
127,1663846182940.0,7716.0
128,1663846182940.0,7716.0
129,1663846192940.0,7721.0
130,1663846192940.0,7721.0
131,1663846192940.0,7721.0
132,1663846192940.0,7721.0
133,1663846192940.0,7721.0
134,1663846192940.0,7721.0
135,1663846192940.0,7721.0
136,1663846192940.0,7721.0
137,1663846192940.0,7721.0
138,1663846192940.0,7721.0
139,1663846202940.0,7700.0
140,1663846202940.0,7700.0
141,1663846202940.0,7700.0
142,1663846202940.0,7700.0
143,1663846202940.0,7700.0
144,1663846202940.0,7700.0
145,1663846202940.0,7700.0
146,1663846202940.0,7700.0
147,1663846202940.0,7700.0
148,1663846202940.0,7700.0
149,1663846212940.0,7702.0
150,1663846212940.0,7702.0
151,1663846212940.0,7702.0
152,1663846212940.0,7702.0
153,1663846212940.0,7702.0
154,1663846212940.0,7702.0
155,1663846212940.0,7702.0
156,1663846212940.0,7702.0
157,1663846212940.0,7702.0
158,1663846212940.0,7702.0
159,1663846222940.0,7708.0
160,1663846222940.0,7708.0
161,1663846222940.0,7708.0
162,1663846222940.0,7708.0
163,1663846222940.0,7708.0
164,1663846222940.0,7708.0
165,1663846222940.0,7708.0
166,1663846222940.0,7708.0
167,1663846222940.0,7708.0
168,1663846222940.0,7708.0
169,1663846232940.0,7676.0
170,1663846232940.0,7676.0
171,1663846232940.0,7676.0
172,1663846232940.0,7676.0
173,1663846232940.0,7676.0
174,1663846232940.0,7676.0
175,1663846232940.0,7676.0
176,1663846232940.0,7676.0
177,1663846232940.0,7676.0
178,1663846232940.0,7676.0
179,1663846242940.0,7703.0
180,1663846242940.0,7703.0
181,1663846242940.0,7703.0
182,1663846242940.0,7703.0
183,1663846242940.0,7703.0
184,1663846242940.0,7703.0
185,1663846242940.0,7703.0
186,1663846242940.0,7703.0
187,1663846242940.0,7703.0
188,1663846242940.0,7703.0
189,1663846252940.0,7679.0
190,1663846252940.0,7679.0
191,1663846252940.0,7679.0
192,1663846252940.0,7679.0
193,1663846252940.0,7679.0
194,1663846252940.0,7679.0
195,1663846252940.0,7679.0
196,1663846252940.0,7679.0
197,1663846252940.0,7679.0
198,1663846252940.0,7679.0
199,1663846262940.0,7699.0
200,1663846262940.0,7699.0
201,1663846262940.0,7699.0
202,1663846262940.0,7699.0
203,1663846262940.0,7699.0
204,1663846262940.0,7699.0
205,1663846262940.0,7699.0
206,1663846262940.0,7699.0
207,1663846262940.0,7699.0
208,1663846262940.0,7699.0
209,1663846272940.0,7721.0
210,1663846272940.0,7721.0
211,1663846272940.0,7721.0
212,1663846272940.0,7721.0
213,1663846272940.0,7721.0
214,1663846272940.0,7721.0
215,1663846272940.0,7721.0
216,1663846272940.0,7721.0
217,1663846272940.0,7721.0
218,1663846272940.0,7721.0
219,1663846282940.0,7715.0
220,1663846282940.0,7715.0
221,1663846282940.0,7715.0
222,1663846282940.0,7715.0
223,1663846282940.0,7715.0
224,1663846282940.0,7715.0
225,1663846282940.0,7715.0
226,1663846282940.0,7715.0
227,1663846282940.0,7715.0
228,1663846282940.0,7715.0
229,1663846292940.0,7723.0
230,1663846292940.0,7723.0
231,1663846292940.0,7723.0
232,1663846292940.0,7723.0
233,1663846292940.0,7723.0
234,1663846292940.0,7723.0
235,1663846292940.0,7723.0
236,1663846292940.0,7723.0
237,1663846292940.0,7723.0
238,1663846292940.0,7723.0
239,1663846302940.0,7659.0
240,1663846302940.0,7659.0
241,1663846302940.0,7659.0
242,1663846302940.0,7659.0
243,1663846302940.0,7659.0
244,1663846302940.0,7659.0
245,1663846302940.0,7659.0
246,1663846302940.0,7659.0
247,1663846302940.0,7659.0
248,1663846312940.0,7691.0
249,1663846312940.0,7691.0
250,1663846312940.0,7691.0
251,1663846312940.0,7691.0
252,1663846312940.0,7691.0
253,1663846312940.0,7691.0
254,1663846312940.0,7691.0
255,1663846312940.0,7691.0
256,1663846312940.0,7691.0
257,1663846312940.0,7691.0
258,1663846322940.0,7707.0
259,1663846322940.0,7707.0
260,1663846322940.0,7707.0
261,1663846322940.0,7707.0
262,1663846322940.0,7707.0
263,1663846322940.0,7707.0
264,1663846322940.0,7707.0
265,1663846322940.0,7707.0
266,1663846322940.0,7707.0
267,1663846322940.0,7707.0
268,1663846332940.0,7726.0
269,1663846332940.0,7726.0
270,1663846332940.0,7726.0
271,1663846332940.0,7726.0
272,1663846332940.0,7726.0
273,1663846332940.0,7726.0
274,1663846332940.0,7726.0
275,1663846332940.0,7726.0
276,1663846332940.0,7726.0
277,1663846332940.0,7726.0
278,1663846342940.0,7694.0
279,1663846342940.0,7694.0
280,1663846342940.0,7694.0
281,1663846342940.0,7694.0
282,1663846342940.0,7694.0
283,1663846342940.0,7694.0
284,1663846342940.0,7694.0
285,1663846342940.0,7694.0
286,1663846342940.0,7694.0
287,1663846342940.0,7694.0
288,1663846352940.0,7730.0
289,1663846352940.0,7730.0
290,1663846352940.0,7730.0
291,1663846352940.0,7730.0
292,1663846352940.0,7730.0
293,1663846352940.0,7730.0
294,1663846352940.0,7730.0
295,1663846352940.0,7730.0
296,1663846352940.0,7730.0
297,1663846352940.0,7730.0
298,1663846362940.0,7763.0
299,1663846362940.0,7763.0
300,1663846362940.0,7763.0
301,1663846362940.0,7763.0
302,1663846362940.0,7763.0
303,1663846362940.0,7763.0
304,1663846362940.0,7763.0
305,1663846362940.0,7763.0
306,1663846362940.0,7763.0
307,1663846362940.0,7763.0
308,1663846372940.0,7692.0
309,1663846372940.0,7692.0
310,1663846372940.0,7692.0
311,1663846372940.0,7692.0
312,1663846372940.0,7692.0
313,1663846372940.0,7692.0
314,1663846372940.0,7692.0
315,1663846372940.0,7692.0
316,1663846372940.0,7692.0
317,1663846372940.0,7692.0
318,1663846382940.0,7727.0
319,1663846382940.0,7727.0
320,1663846382940.0,7727.0
321,1663846382940.0,7727.0
322,1663846382940.0,7727.0
323,1663846382940.0,7727.0
324,1663846382940.0,7727.0
325,1663846382940.0,7727.0
326,1663846382940.0,7727.0
327,1663846382940.0,7727.0
328,1663846392940.0,7711.0
329,1663846392940.0,7711.0
330,1663846392940.0,7711.0
331,1663846392940.0,7711.0
332,1663846392940.0,7711.0
333,1663846392940.0,7711.0
334,1663846392940.0,7711.0
335,1663846392940.0,7711.0
336,1663846392940.0,7711.0
337,1663846402940.0,7733.0
338,1663846402940.0,7733.0
339,1663846402940.0,7733.0
340,1663846402940.0,7733.0
341,1663846402940.0,7733.0
342,1663846402940.0,7733.0
343,1663846402940.0,7733.0
344,1663846402940.0,7733.0
345,1663846402940.0,7733.0
346,1663846402940.0,7733.0
347,1663846412940.0,7722.0
348,1663846412940.0,7722.0
349,1663846412940.0,7722.0
350,1663846412940.0,7722.0
351,1663846412940.0,7722.0
352,1663846412940.0,7722.0
353,1663846412940.0,7722.0
354,1663846412940.0,7722.0
355,1663846412940.0,7722.0
356,1663846412940.0,7722.0
357,1663846422940.0,7726.0
358,1663846422940.0,7726.0
359,1663846422940.0,7726.0
360,1663846422940.0,7726.0
361,1663846422940.0,7726.0
362,1663846422940.0,7726.0
363,1663846422940.0,7726.0
364,1663846422940.0,7726.0
365,1663846422940.0,7726.0
366,1663846422940.0,7726.0
367,1663846432940.0,7723.0
368,1663846432940.0,7723.0
369,1663846432940.0,7723.0
370,1663846432940.0,7723.0
371,1663846432940.0,7723.0
372,1663846432940.0,7723.0
373,1663846432940.0,7723.0
374,1663846432940.0,7723.0
375,1663846432940.0,7723.0
376,1663846432940.0,7723.0
377,1663846442940.0,7733.0
378,1663846442940.0,7733.0
379,1663846442940.0,7733.0
380,1663846442940.0,7733.0
381,1663846442940.0,7733.0
382,1663846442940.0,7733.0
383,1663846442940.0,7733.0
384,1663846442940.0,7733.0
385,1663846442940.0,7733.0
386,1663846442940.0,7733.0
387,1663846452940.0,7728.0
388,1663846452940.0,7728.0
389,1663846452940.0,7728.0
390,1663846452940.0,7728.0
391,1663846452940.0,7728.0
392,1663846452940.0,7728.0
393,1663846452940.0,7728.0
394,1663846452940.0,7728.0
395,1663846452940.0,7728.0
396,1663846452940.0,7728.0
397,1663846462940.0,7768.0
398,1663846462940.0,7768.0
399,1663846462940.0,7768.0
400,1663846462940.0,7768.0
401,1663846462940.0,7768.0
402,1663846462940.0,7768.0
403,1663846462940.0,7768.0
404,1663846462940.0,7768.0
405,1663846462940.0,7768.0
406,1663846472940.0,7759.0
407,1663846472940.0,7759.0
408,1663846472940.0,7759.0
409,1663846472940.0,7759.0
410,1663846472940.0,7759.0
411,1663846472940.0,7759.0
412,1663846472940.0,7759.0
413,1663846472940.0,7759.0
414,1663846472940.0,7759.0
415,1663846472940.0,7759.0
416,1663846482940.0,7692.0
417,1663846482940.0,7692.0
418,1663846482940.0,7692.0
419,1663846482940.0,7692.0
420,1663846482940.0,7692.0
421,1663846482940.0,7692.0
422,1663846482940.0,7692.0
423,1663846482940.0,7692.0
424,1663846482940.0,7692.0
425,1663846482940.0,7692.0
426,1663846492940.0,7724.0
427,1663846492940.0,7724.0
428,1663846492940.0,7724.0
429,1663846492940.0,7724.0
430,1663846492940.0,7724.0
431,1663846492940.0,7724.0
432,1663846492940.0,7724.0
433,1663846492940.0,7724.0
434,1663846492940.0,7724.0
435,1663846492940.0,7724.0
436,1663846502940.0,7722.0
437,1663846502940.0,7722.0
438,1663846502940.0,7722.0
439,1663846502940.0,7722.0
440,1663846502940.0,7722.0
441,1663846502940.0,7722.0
442,1663846502940.0,7722.0
443,1663846502940.0,7722.0
444,1663846502940.0,7722.0
445,1663846502940.0,7722.0
446,1663846512940.0,7700.0
447,1663846512940.0,7700.0
448,1663846512940.0,7700.0
449,1663846512940.0,7700.0
450,1663846512940.0,7700.0
451,1663846512940.0,7700.0
452,1663846512940.0,7700.0
453,1663846512940.0,7700.0
454,1663846512940.0,7700.0
455,1663846512940.0,7700.0
456,1663846522940.0,7707.0
457,1663846522940.0,7707.0
458,1663846522940.0,7707.0
459,1663846522940.0,7707.0
460,1663846522940.0,7707.0
461,1663846522940.0,7707.0
462,1663846522940.0,7707.0
463,1663846522940.0,7707.0
464,1663846522940.0,7707.0
465,1663846522940.0,7707.0
466,1663846532940.0,7709.0
467,1663846532940.0,7709.0
468,1663846532940.0,7709.0
469,1663846532940.0,7709.0
470,1663846532940.0,7709.0
471,1663846532940.0,7709.0
472,1663846532940.0,7709.0
473,1663846532940.0,7709.0
474,1663846532940.0,7709.0
475,1663846532940.0,7709.0
476,1663846542940.0,7748.0
477,1663846542940.0,7748.0
478,1663846542940.0,7748.0
479,1663846542940.0,7748.0
480,1663846542940.0,7748.0
481,1663846542940.0,7748.0
482,1663846542940.0,7748.0
483,1663846542940.0,7748.0
484,1663846542940.0,7748.0
485,1663846552940.0,7733.0
486,1663846552940.0,7733.0
487,1663846552940.0,7733.0
488,1663846552940.0,7733.0
489,1663846552940.0,7733.0
490,1663846552940.0,7733.0
491,1663846552940.0,7733.0
492,1663846552940.0,7733.0
493,1663846552940.0,7733.0
494,1663846552940.0,7733.0
495,1663846562940.0,7788.0
496,1663846562940.0,7788.0
497,1663846562940.0,7788.0
498,1663846562940.0,7788.0
499,1663846562940.0,7788.0
500,1663846562940.0,7788.0
501,1663846562940.0,7788.0
502,1663846562940.0,7788.0
503,1663846562940.0,7788.0
504,1663846562940.0,7788.0
505,1663846572940.0,7747.0
506,1663846572940.0,7747.0
507,1663846572940.0,7747.0
508,1663846572940.0,7747.0
509,1663846572940.0,7747.0
510,1663846572940.0,7747.0
511,1663846572940.0,7747.0
512,1663846572940.0,7747.0
513,1663846572940.0,7747.0
514,1663846572940.0,7747.0
515,1663846582940.0,7704.0
516,1663846582940.0,7704.0
517,1663846582940.0,7704.0
518,1663846582940.0,7704.0
519,1663846582940.0,7704.0
520,1663846582940.0,7704.0
521,1663846582940.0,7704.0
522,1663846582940.0,7704.0
523,1663846582940.0,7704.0
524,1663846582940.0,7704.0
525,1663846593940.0,7676.0
526,1663846593940.0,7676.0
527,1663846593940.0,7676.0
528,1663846593940.0,7676.0
529,1663846593940.0,7676.0
530,1663846593940.0,7676.0
531,1663846593940.0,7676.0
532,1663846593940.0,7676.0
533,1663846593940.0,7676.0
534,1663846593940.0,7676.0
535,1663846603940.0,7705.0
536,1663846603940.0,7705.0
537,1663846603940.0,7705.0
538,1663846603940.0,7705.0
539,1663846603940.0,7705.0
540,1663846603940.0,7705.0
541,1663846603940.0,7705.0
542,1663846603940.0,7705.0
543,1663846603940.0,7705.0
544,1663846603940.0,7705.0
545,1663846613940.0,7706.0
546,1663846613940.0,7706.0
547,1663846613940.0,7706.0
548,1663846613940.0,7706.0
549,1663846613940.0,7706.0
550,1663846613940.0,7706.0
551,1663846613940.0,7706.0
552,1663846613940.0,7706.0
553,1663846613940.0,7706.0
554,1663846623940.0,7717.0
555,1663846623940.0,7717.0
556,1663846623940.0,7717.0
557,1663846623940.0,7717.0
558,1663846623940.0,7717.0
559,1663846623940.0,7717.0
560,1663846623940.0,7717.0
561,1663846623940.0,7717.0
562,1663846623940.0,7717.0
563,1663846623940.0,7717.0
564,1663846633940.0,7580.0
565,1663846633940.0,7580.0
566,1663846633940.0,7580.0
567,1663846633940.0,7580.0
568,1663846633940.0,7580.0
569,1663846633940.0,7580.0
570,1663846633940.0,7580.0
571,1663846633940.0,7580.0
572,1663846633940.0,7580.0
573,1663846633940.0,7580.0
574,1663846643940.0,7746.0
575,1663846643940.0,7746.0
576,1663846643940.0,7746.0
577,1663846643940.0,7746.0
578,1663846643940.0,7746.0
579,1663846643940.0,7746.0
580,1663846643940.0,7746.0
581,1663846643940.0,7746.0
582,1663846643940.0,7746.0
583,1663846643940.0,7746.0
584,1663846653940.0,7744.0
585,1663846653940.0,7744.0
586,1663846653940.0,7744.0
587,1663846653940.0,7744.0
588,1663846653940.0,7744.0
589,1663846653940.0,7744.0
590,1663846653940.0,7744.0
591,1663846653940.0,7744.0
592,1663846653940.0,7744.0
593,1663846653940.0,7744.0
594,1663846663940.0,7733.0
595,1663846663940.0,7733.0
596,1663846663940.0,7733.0
597,1663846663940.0,7733.0
598,1663846663940.0,7733.0
599,1663846663940.0,7733.0
600,1663846663940.0,7733.0
601,1663846663940.0,7733.0
602,1663846663940.0,7733.0
603,1663846663940.0,7733.0
604,1663846673940.0,7722.0
605,1663846673940.0,7722.0
606,1663846673940.0,7722.0
607,1663846673940.0,7722.0
608,1663846673940.0,7722.0
609,1663846673940.0,7722.0
610,1663846673940.0,7722.0
611,1663846673940.0,7722.0
612,1663846673940.0,7722.0
613,1663846673940.0,7722.0
614,1663846683940.0,7725.0
615,1663846683940.0,7725.0
616,1663846683940.0,7725.0
617,1663846683940.0,7725.0
618,1663846683940.0,7725.0
619,1663846683940.0,7725.0
620,1663846683940.0,7725.0
621,1663846683940.0,7725.0
622,1663846683940.0,7725.0
623,1663846683940.0,7725.0
624,1663846693940.0,7729.0
625,1663846693940.0,7729.0
626,1663846693940.0,7729.0
627,1663846693940.0,7729.0
628,1663846693940.0,7729.0
629,1663846693940.0,7729.0
630,1663846693940.0,7729.0
631,1663846693940.0,7729.0
632,1663846693940.0,7729.0
633,1663846703940.0,7729.0
634,1663846703940.0,7729.0
635,1663846703940.0,7729.0
636,1663846703940.0,7729.0
637,1663846703940.0,7729.0
638,1663846703940.0,7729.0
639,1663846703940.0,7729.0
640,1663846703940.0,7729.0
641,1663846703940.0,7729.0
642,1663846703940.0,7729.0
643,1663846713940.0,7726.0
644,1663846713940.0,7726.0
645,1663846713940.0,7726.0
646,1663846713940.0,7726.0
647,1663846713940.0,7726.0
648,1663846713940.0,7726.0
649,1663846713940.0,7726.0
650,1663846713940.0,7726.0
651,1663846713940.0,7726.0
652,1663846713940.0,7726.0
653,1663846723940.0,7734.0
654,1663846723940.0,7734.0
655,1663846723940.0,7734.0
656,1663846723940.0,7734.0
657,1663846723940.0,7734.0
658,1663846723940.0,7734.0
659,1663846723940.0,7734.0
660,1663846723940.0,7734.0
661,1663846723940.0,7734.0
662,1663846723940.0,7734.0
663,1663846733940.0,7561.0
664,1663846733940.0,7561.0
665,1663846733940.0,7561.0
666,1663846733940.0,7561.0
667,1663846733940.0,7561.0
668,1663846733940.0,7561.0
669,1663846733940.0,7561.0
670,1663846733940.0,7561.0
671,1663846733940.0,7561.0
672,1663846733940.0,7561.0
673,1663846743940.0,7717.0
674,1663846743940.0,7717.0
675,1663846743940.0,7717.0
676,1663846743940.0,7717.0
677,1663846743940.0,7717.0
678,1663846743940.0,7717.0
679,1663846743940.0,7717.0
680,1663846743940.0,7717.0
681,1663846743940.0,7717.0
682,1663846743940.0,7717.0
683,1663846753940.0,7962.0
684,1663846753940.0,7962.0
685,1663846753940.0,7962.0
686,1663846753940.0,7962.0
687,1663846753940.0,7962.0
688,1663846753940.0,7962.0
689,1663846753940.0,7962.0
690,1663846753940.0,7962.0
691,1663846753940.0,7962.0
692,1663846753940.0,7962.0
693,1663846763940.0,7763.0
694,1663846763940.0,7763.0
695,1663846763940.0,7763.0
696,1663846763940.0,7763.0
697,1663846763940.0,7763.0
698,1663846763940.0,7763.0
699,1663846763940.0,7763.0
700,1663846763940.0,7763.0
701,1663846763940.0,7763.0
702,1663846773940.0,7738.0
703,1663846773940.0,7738.0
704,1663846773940.0,7738.0
705,1663846773940.0,7738.0
706,1663846773940.0,7738.0
707,1663846773940.0,7738.0
708,1663846773940.0,7738.0
709,1663846773940.0,7738.0
710,1663846773940.0,7738.0
711,1663846773940.0,7738.0
712,1663846783940.0,7748.0
713,1663846783940.0,7748.0
714,1663846783940.0,7748.0
715,1663846783940.0,7748.0
716,1663846783940.0,7748.0
717,1663846783940.0,7748.0
718,1663846783940.0,7748.0
719,1663846783940.0,7748.0
720,1663846783940.0,7748.0
721,1663846783940.0,7748.0
722,1663846793940.0,7699.0
723,1663846793940.0,7699.0
724,1663846793940.0,7699.0
725,1663846793940.0,7699.0
726,1663846793940.0,7699.0
727,1663846793940.0,7699.0
728,1663846793940.0,7699.0
729,1663846793940.0,7699.0
730,1663846793940.0,7699.0
731,1663846793940.0,7699.0
732,1663846803940.0,7710.0
733,1663846803940.0,7710.0
734,1663846803940.0,7710.0
735,1663846803940.0,7710.0
736,1663846803940.0,7710.0
737,1663846803940.0,7710.0
738,1663846803940.0,7710.0
739,1663846803940.0,7710.0
740,1663846803940.0,7710.0
741,1663846803940.0,7710.0
742,1663846813940.0,7680.0
743,1663846813940.0,7680.0
744,1663846813940.0,7680.0
745,1663846813940.0,7680.0
746,1663846813940.0,7680.0
747,1663846813940.0,7680.0
748,1663846813940.0,7680.0
749,1663846813940.0,7680.0
750,1663846813940.0,7680.0
751,1663846813940.0,7680.0
752,1663846823940.0,7749.0
753,1663846823940.0,7749.0
754,1663846823940.0,7749.0
755,1663846823940.0,7749.0
756,1663846823940.0,7749.0
757,1663846823940.0,7749.0
758,1663846823940.0,7749.0
759,1663846823940.0,7749.0
760,1663846823940.0,7749.0
761,1663846823940.0,7749.0
762,1663846833940.0,7711.0
763,1663846833940.0,7711.0
764,1663846833940.0,7711.0
765,1663846833940.0,7711.0
766,1663846833940.0,7711.0
767,1663846833940.0,7711.0
768,1663846833940.0,7711.0
769,1663846833940.0,7711.0
770,1663846833940.0,7711.0
771,1663846843940.0,7722.0
772,1663846843940.0,7722.0
773,1663846843940.0,7722.0
774,1663846843940.0,7722.0
775,1663846843940.0,7722.0
776,1663846843940.0,7722.0
777,1663846843940.0,7722.0
778,1663846843940.0,7722.0
779,1663846843940.0,7722.0
780,1663846843940.0,7722.0
781,1663846853940.0,7719.0
782,1663846853940.0,7719.0
783,1663846853940.0,7719.0
784,1663846853940.0,7719.0
785,1663846853940.0,7719.0
786,1663846853940.0,7719.0
787,1663846853940.0,7719.0
788,1663846853940.0,7719.0
789,1663846853940.0,7719.0
790,1663846853940.0,7719.0
791,1663846863940.0,7716.0
792,1663846863940.0,7716.0
793,1663846863940.0,7716.0
794,1663846863940.0,7716.0
795,1663846863940.0,7716.0
796,1663846863940.0,7716.0
797,1663846863940.0,7716.0
798,1663846863940.0,7716.0
799,1663846863940.0,7716.0
800,1663846863940.0,7716.0
801,1663846873940.0,7707.0
802,1663846873940.0,7707.0
803,1663846873940.0,7707.0
804,1663846873940.0,7707.0
805,1663846873940.0,7707.0
806,1663846873940.0,7707.0
807,1663846873940.0,7707.0
808,1663846873940.0,7707.0
809,1663846873940.0,7707.0
810,1663846873940.0,7707.0
811,1663846883940.0,7717.0
812,1663846883940.0,7717.0
813,1663846883940.0,7717.0
814,1663846883940.0,7717.0
815,1663846883940.0,7717.0
816,1663846883940.0,7717.0
817,1663846883940.0,7717.0
818,1663846883940.0,7717.0
819,1663846883940.0,7717.0
820,1663846893940.0,7711.0
821,1663846893940.0,7711.0
822,1663846893940.0,7711.0
823,1663846893940.0,7711.0
824,1663846893940.0,7711.0
825,1663846893940.0,7711.0
826,1663846893940.0,7711.0
827,1663846893940.0,7711.0
828,1663846893940.0,7711.0
829,1663846893940.0,7711.0
830,1663846903940.0,7727.0
831,1663846903940.0,7727.0
832,1663846903940.0,7727.0
833,1663846903940.0,7727.0
834,1663846903940.0,7727.0
835,1663846903940.0,7727.0
836,1663846903940.0,7727.0
837,1663846903940.0,7727.0
838,1663846903940.0,7727.0
839,1663846903940.0,7727.0
840,1663846913940.0,7684.0
841,1663846913940.0,7684.0
842,1663846913940.0,7684.0
843,1663846913940.0,7684.0
844,1663846913940.0,7684.0
845,1663846913940.0,7684.0
846,1663846913940.0,7684.0
847,1663846913940.0,7684.0
848,1663846913940.0,7684.0
849,1663846913940.0,7684.0
850,1663846923940.0,7677.0
851,1663846923940.0,7677.0
852,1663846923940.0,7677.0
853,1663846923940.0,7677.0
854,1663846923940.0,7677.0
855,1663846923940.0,7677.0
856,1663846923940.0,7677.0
857,1663846923940.0,7677.0
858,1663846923940.0,7677.0
859,1663846932940.0,7712.0
860,1663846932940.0,7712.0
861,1663846932940.0,7712.0
862,1663846932940.0,7712.0
863,1663846932940.0,7712.0
864,1663846932940.0,7712.0
865,1663846932940.0,7712.0
866,1663846932940.0,7712.0
867,1663846932940.0,7712.0
868,1663846932940.0,7712.0
869,1663846942940.0,7741.0
870,1663846942940.0,7741.0
871,1663846942940.0,7741.0
872,1663846942940.0,7741.0
873,1663846942940.0,7741.0
874,1663846942940.0,7741.0
875,1663846942940.0,7741.0
876,1663846942940.0,7741.0
877,1663846942940.0,7741.0
878,1663846942940.0,7741.0
879,1663846952940.0,7754.0
880,1663846952940.0,7754.0
881,1663846952940.0,7754.0
882,1663846952940.0,7754.0
883,1663846952940.0,7754.0
884,1663846952940.0,7754.0
885,1663846952940.0,7754.0
886,1663846952940.0,7754.0
887,1663846952940.0,7754.0
888,1663846962940.0,7685.0
889,1663846962940.0,7685.0
890,1663846962940.0,7685.0
891,1663846962940.0,7685.0
892,1663846962940.0,7685.0
893,1663846962940.0,7685.0
894,1663846962940.0,7685.0
895,1663846962940.0,7685.0
896,1663846962940.0,7685.0
897,1663846962940.0,7685.0
898,1663846972940.0,7739.0
899,1663846972940.0,7739.0
900,1663846972940.0,7739.0
901,1663846972940.0,7739.0
902,1663846972940.0,7739.0
903,1663846972940.0,7739.0
904,1663846972940.0,7739.0
905,1663846972940.0,7739.0
906,1663846972940.0,7739.0
907,1663846972940.0,7739.0
908,1663846982940.0,7727.0
909,1663846982940.0,7727.0
910,1663846982940.0,7727.0
911,1663846982940.0,7727.0
912,1663846982940.0,7727.0
913,1663846982940.0,7727.0
914,1663846982940.0,7727.0
915,1663846982940.0,7727.0
916,1663846982940.0,7727.0
917,1663846982940.0,7727.0
918,1663846992940.0,7734.0
919,1663846992940.0,7734.0
920,1663846992940.0,7734.0
921,1663846992940.0,7734.0
922,1663846992940.0,7734.0
923,1663846992940.0,7734.0
924,1663846992940.0,7734.0
925,1663846992940.0,7734.0
926,1663846992940.0,7734.0
927,1663846992940.0,7734.0
928,1663847002940.0,7737.0
929,1663847002940.0,7737.0
930,1663847002940.0,7737.0
931,1663847002940.0,7737.0
932,1663847002940.0,7737.0
933,1663847002940.0,7737.0
934,1663847002940.0,7737.0
935,1663847002940.0,7737.0
936,1663847002940.0,7737.0
937,1663847002940.0,7737.0
938,1663847012940.0,7699.0
939,1663847012940.0,7699.0
940,1663847012940.0,7699.0
941,1663847012940.0,7699.0
942,1663847012940.0,7699.0
943,1663847012940.0,7699.0
944,1663847012940.0,7699.0
945,1663847012940.0,7699.0
946,1663847012940.0,7699.0
947,1663847022940.0,7726.0
948,1663847022940.0,7726.0
949,1663847022940.0,7726.0
950,1663847022940.0,7726.0
951,1663847022940.0,7726.0
952,1663847022940.0,7726.0
953,1663847022940.0,7726.0
954,1663847022940.0,7726.0
955,1663847022940.0,7726.0
956,1663847022940.0,7726.0
957,1663847032940.0,7712.0
958,1663847032940.0,7712.0
959,1663847032940.0,7712.0
960,1663847032940.0,7712.0
961,1663847032940.0,7712.0
962,1663847032940.0,7712.0
963,1663847032940.0,7712.0
964,1663847032940.0,7712.0
965,1663847032940.0,7712.0
966,1663847032940.0,7712.0
967,1663847042940.0,7723.0
968,1663847042940.0,7723.0
969,1663847042940.0,7723.0
970,1663847042940.0,7723.0
971,1663847042940.0,7723.0
972,1663847042940.0,7723.0
973,1663847042940.0,7723.0
974,1663847042940.0,7723.0
975,1663847042940.0,7723.0
976,1663847042940.0,7723.0
977,1663847052940.0,7739.0
978,1663847052940.0,7739.0
979,1663847052940.0,7739.0
980,1663847052940.0,7739.0
981,1663847052940.0,7739.0
982,1663847052940.0,7739.0
983,1663847052940.0,7739.0
984,1663847052940.0,7739.0
985,1663847052940.0,7739.0
986,1663847052940.0,7739.0
987,1663847062940.0,7721.0
988,1663847062940.0,7721.0
989,1663847062940.0,7721.0
990,1663847062940.0,7721.0
991,1663847062940.0,7721.0
992,1663847062940.0,7721.0
993,1663847062940.0,7721.0
994,1663847062940.0,7721.0
995,1663847062940.0,7721.0
996,1663847072940.0,7688.0
997,1663847072940.0,7688.0
998,1663847072940.0,7688.0
999,1663847072940.0,7688.0
1000,1663847072940.0,7688.0
1001,1663847072940.0,7688.0
1002,1663847072940.0,7688.0
1003,1663847072940.0,7688.0
1004,1663847072940.0,7688.0
1005,1663847072940.0,7688.0
1006,1663847082940.0,7695.0
1007,1663847082940.0,7695.0
1008,1663847082940.0,7695.0
1009,1663847082940.0,7695.0
1010,1663847082940.0,7695.0
1011,1663847082940.0,7695.0
1012,1663847082940.0,7695.0
1013,1663847082940.0,7695.0
1014,1663847082940.0,7695.0
1015,1663847082940.0,7695.0
1016,1663847092940.0,7743.0
1017,1663847092940.0,7743.0
1018,1663847092940.0,7743.0
1019,1663847092940.0,7743.0
1020,1663847092940.0,7743.0
1021,1663847092940.0,7743.0
1022,1663847092940.0,7743.0
1023,1663847092940.0,7743.0
1024,1663847092940.0,7743.0
1025,1663847092940.0,7743.0
1026,1663847102940.0,7708.0
1027,1663847102940.0,7708.0
1028,1663847102940.0,7708.0
1029,1663847102940.0,7708.0
1030,1663847102940.0,7708.0
1031,1663847102940.0,7708.0
1032,1663847102940.0,7708.0
1033,1663847102940.0,7708.0
1034,1663847102940.0,7708.0
1035,1663847102940.0,7708.0
1036,1663847112940.0,7680.0
1037,1663847112940.0,7680.0
1038,1663847112940.0,7680.0
1039,1663847112940.0,7680.0
1040,1663847112940.0,7680.0
1041,1663847112940.0,7680.0
1042,1663847112940.0,7680.0
1043,1663847112940.0,7680.0
1044,1663847112940.0,7680.0
1045,1663847112940.0,7680.0
1046,1663847122940.0,7721.0
1047,1663847122940.0,7721.0
1048,1663847122940.0,7721.0
1049,1663847122940.0,7721.0
1050,1663847122940.0,7721.0
1051,1663847122940.0,7721.0
1052,1663847122940.0,7721.0
1053,1663847122940.0,7721.0
1054,1663847122940.0,7721.0
1055,1663847132940.0,7721.0
1056,1663847132940.0,7721.0
1057,1663847132940.0,7721.0
1058,1663847132940.0,7721.0
1059,1663847132940.0,7721.0
1060,1663847132940.0,7721.0
1061,1663847132940.0,7721.0
1062,1663847132940.0,7721.0
1063,1663847132940.0,7721.0
1064,1663847132940.0,7721.0
1065,1663847142940.0,7733.0
1066,1663847142940.0,7733.0
1067,1663847142940.0,7733.0
1068,1663847142940.0,7733.0
1069,1663847142940.0,7733.0
1070,1663847142940.0,7733.0
1071,1663847142940.0,7733.0
1072,1663847142940.0,7733.0
1073,1663847142940.0,7733.0
1074,1663847142940.0,7733.0
1075,1663847152940.0,7730.0
1076,1663847152940.0,7730.0
1077,1663847152940.0,7730.0
1078,1663847152940.0,7730.0
1079,1663847152940.0,7730.0
1080,1663847152940.0,7730.0
1081,1663847152940.0,7730.0
1082,1663847152940.0,7730.0
1083,1663847152940.0,7730.0
1084,1663847152940.0,7730.0
1085,1663847162940.0,7772.0
1086,1663847162940.0,7772.0
1087,1663847162940.0,7772.0
1088,1663847162940.0,7772.0
1089,1663847162940.0,7772.0
1090,1663847162940.0,7772.0
1091,1663847162940.0,7772.0
1092,1663847162940.0,7772.0
1093,1663847162940.0,7772.0
1094,1663847162940.0,7772.0
1095,1663847172940.0,7734.0
1096,1663847172940.0,7734.0
1097,1663847172940.0,7734.0
1098,1663847172940.0,7734.0
1099,1663847172940.0,7734.0
1100,1663847172940.0,7734.0
1101,1663847172940.0,7734.0
1102,1663847172940.0,7734.0
1103,1663847172940.0,7734.0
1104,1663847172940.0,7734.0
1105,1663847182940.0,7727.0
1106,1663847182940.0,7727.0
1107,1663847182940.0,7727.0
1108,1663847182940.0,7727.0
1109,1663847182940.0,7727.0
1110,1663847182940.0,7727.0
1111,1663847182940.0,7727.0
1112,1663847182940.0,7727.0
1113,1663847182940.0,7727.0
1114,1663847192940.0,7722.0
1115,1663847192940.0,7722.0
1116,1663847192940.0,7722.0
1117,1663847192940.0,7722.0
1118,1663847192940.0,7722.0
1119,1663847192940.0,7722.0
1120,1663847192940.0,7722.0
1121,1663847192940.0,7722.0
1122,1663847192940.0,7722.0
1123,1663847192940.0,7722.0
1124,1663847202940.0,7619.0
1125,1663847202940.0,7619.0
1126,1663847202940.0,7619.0
1127,1663847202940.0,7619.0
1128,1663847202940.0,7619.0
1129,1663847202940.0,7619.0
1130,1663847202940.0,7619.0
1131,1663847202940.0,7619.0
1132,1663847202940.0,7619.0
1133,1663847202940.0,7619.0
1134,1663847212940.0,7724.0
1135,1663847212940.0,7724.0
1136,1663847212940.0,7724.0
1137,1663847212940.0,7724.0
1138,1663847212940.0,7724.0
1139,1663847212940.0,7724.0
1140,1663847212940.0,7724.0
1141,1663847212940.0,7724.0
1142,1663847212940.0,7724.0
1143,1663847212940.0,7724.0
1144,1663847222940.0,7730.0
1145,1663847222940.0,7730.0
1146,1663847222940.0,7730.0
1147,1663847222940.0,7730.0
1148,1663847222940.0,7730.0
1149,1663847222940.0,7730.0
1150,1663847222940.0,7730.0
1151,1663847222940.0,7730.0
1152,1663847222940.0,7730.0
1153,1663847222940.0,7730.0
1154,1663847232940.0,8070.0
1155,1663847232940.0,8070.0
1156,1663847232940.0,8070.0
1157,1663847232940.0,8070.0
1158,1663847232940.0,8070.0
1159,1663847232940.0,8070.0
1160,1663847232940.0,8070.0
1161,1663847232940.0,8070.0
1162,1663847232940.0,8070.0
1163,1663847232940.0,8070.0
1164,1663847242940.0,7694.0
1165,1663847242940.0,7694.0
1166,1663847242940.0,7694.0
1167,1663847242940.0,7694.0
1168,1663847242940.0,7694.0
1169,1663847242940.0,7694.0
1170,1663847242940.0,7694.0
1171,1663847242940.0,7694.0
1172,1663847242940.0,7694.0
1173,1663847252940.0,7703.0
1174,1663847252940.0,7703.0
1175,1663847252940.0,7703.0
1176,1663847252940.0,7703.0
1177,1663847252940.0,7703.0
1178,1663847252940.0,7703.0
1179,1663847252940.0,7703.0
1180,1663847252940.0,7703.0
1181,1663847252940.0,7703.0
1182,1663847252940.0,7703.0
1183,1663847262940.0,8579.0
1184,1663847262940.0,8579.0
1185,1663847262940.0,8579.0
1186,1663847262940.0,8579.0
1187,1663847262940.0,8579.0
1188,1663847262940.0,8579.0
1189,1663847262940.0,8579.0
1190,1663847262940.0,8579.0
1191,1663847262940.0,8579.0
1192,1663847262940.0,8579.0
1193,1663847272940.0,6203.0
1194,1663847272940.0,6203.0
1195,1663847272940.0,6203.0
1196,1663847272940.0,6203.0
1197,1663847272940.0,6203.0
1198,1663847272940.0,6203.0
1199,1663847272940.0,6203.0
1200,1663847272940.0,6203.0
1201,1663847272940.0,6203.0
1202,1663847272940.0,6203.0
1203,1663847282940.0,7667.0
1204,1663847282940.0,7667.0
1205,1663847282940.0,7667.0
1206,1663847282940.0,7667.0
1207,1663847282940.0,7667.0
1208,1663847282940.0,7667.0
1209,1663847282940.0,7667.0
1210,1663847282940.0,7667.0
1211,1663847282940.0,7667.0
1212,1663847282940.0,7667.0
1213,1663847292940.0,7731.0
1214,1663847292940.0,7731.0
1215,1663847292940.0,7731.0
1216,1663847292940.0,7731.0
1217,1663847292940.0,7731.0
1218,1663847292940.0,7731.0
1219,1663847292940.0,7731.0
1220,1663847292940.0,7731.0
1221,1663847292940.0,7731.0
1222,1663847292940.0,7731.0
1223,1663847302940.0,7740.0
1224,1663847302940.0,7740.0
1225,1663847302940.0,7740.0
1226,1663847302940.0,7740.0
1227,1663847302940.0,7740.0
1228,1663847302940.0,7740.0
1229,1663847302940.0,7740.0
1230,1663847302940.0,7740.0
1231,1663847302940.0,7740.0
1232,1663847312940.0,7749.0
1233,1663847312940.0,7749.0
1234,1663847312940.0,7749.0
1235,1663847312940.0,7749.0
1236,1663847312940.0,7749.0
1237,1663847312940.0,7749.0
1238,1663847312940.0,7749.0
1239,1663847312940.0,7749.0
1240,1663847312940.0,7749.0
1241,1663847312940.0,7749.0
1242,1663847322940.0,7754.0
1243,1663847322940.0,7754.0
1244,1663847322940.0,7754.0
1245,1663847322940.0,7754.0
1246,1663847322940.0,7754.0
1247,1663847322940.0,7754.0
1248,1663847322940.0,7754.0
1249,1663847322940.0,7754.0
1250,1663847322940.0,7754.0
1251,1663847322940.0,7754.0
1252,1663847332940.0,7747.0
1253,1663847332940.0,7747.0
1254,1663847332940.0,7747.0
1255,1663847332940.0,7747.0
1256,1663847332940.0,7747.0
1257,1663847332940.0,7747.0
1258,1663847332940.0,7747.0
1259,1663847332940.0,7747.0
1260,1663847332940.0,7747.0
1261,1663847332940.0,7747.0
1262,1663847342940.0,7753.0
1263,1663847342940.0,7753.0
1264,1663847342940.0,7753.0
1265,1663847342940.0,7753.0
1266,1663847342940.0,7753.0
1267,1663847342940.0,7753.0
1268,1663847342940.0,7753.0
1269,1663847342940.0,7753.0
1270,1663847342940.0,7753.0
1271,1663847342940.0,7753.0
1272,1663847352940.0,7731.0
1273,1663847352940.0,7731.0
1274,1663847352940.0,7731.0
1275,1663847352940.0,7731.0
1276,1663847352940.0,7731.0
1277,1663847352940.0,7731.0
1278,1663847352940.0,7731.0
1279,1663847352940.0,7731.0
1280,1663847352940.0,7731.0
1281,1663847352940.0,7731.0
1282,1663847362940.0,7724.0
1283,1663847362940.0,7724.0
1284,1663847362940.0,7724.0
1285,1663847362940.0,7724.0
1286,1663847362940.0,7724.0
1287,1663847362940.0,7724.0
1288,1663847362940.0,7724.0
1289,1663847362940.0,7724.0
1290,1663847362940.0,7724.0
1291,1663847372940.0,7732.0
1292,1663847372940.0,7732.0
1293,1663847372940.0,7732.0
1294,1663847372940.0,7732.0
1295,1663847372940.0,7732.0
1296,1663847372940.0,7732.0
1297,1663847372940.0,7732.0
1298,1663847372940.0,7732.0
1299,1663847372940.0,7732.0
1300,1663847372940.0,7732.0
1301,1663847382940.0,7730.0
1302,1663847382940.0,7730.0
1303,1663847382940.0,7730.0
1304,1663847382940.0,7730.0
1305,1663847382940.0,7730.0
1306,1663847382940.0,7730.0
1307,1663847382940.0,7730.0
1308,1663847382940.0,7730.0
1309,1663847382940.0,7730.0
1310,1663847382940.0,7730.0
1311,1663847392940.0,7733.0
1312,1663847392940.0,7733.0
1313,1663847392940.0,7733.0
1314,1663847392940.0,7733.0
1315,1663847392940.0,7733.0
1316,1663847392940.0,7733.0
1317,1663847392940.0,7733.0
1318,1663847392940.0,7733.0
1319,1663847392940.0,7733.0
1320,1663847392940.0,7733.0
1321,1663847403940.0,7714.0
1322,1663847403940.0,7714.0
1323,1663847403940.0,7714.0
1324,1663847403940.0,7714.0
1325,1663847403940.0,7714.0
1326,1663847403940.0,7714.0
1327,1663847403940.0,7714.0
1328,1663847403940.0,7714.0
1329,1663847403940.0,7714.0
1330,1663847403940.0,7714.0
1331,1663847413940.0,7725.0
1332,1663847413940.0,7725.0
1333,1663847413940.0,7725.0
1334,1663847413940.0,7725.0
1335,1663847413940.0,7725.0
1336,1663847413940.0,7725.0
1337,1663847413940.0,7725.0
1338,1663847413940.0,7725.0
1339,1663847413940.0,7725.0
1340,1663847423940.0,7713.0
1341,1663847423940.0,7713.0
1342,1663847423940.0,7713.0
1343,1663847423940.0,7713.0
1344,1663847423940.0,7713.0
1345,1663847423940.0,7713.0
1346,1663847423940.0,7713.0
1347,1663847423940.0,7713.0
1348,1663847423940.0,7713.0
1349,1663847423940.0,7713.0
1350,1663847433940.0,7720.0
1351,1663847433940.0,7720.0
1352,1663847433940.0,7720.0
1353,1663847433940.0,7720.0
1354,1663847433940.0,7720.0
1355,1663847433940.0,7720.0
1356,1663847433940.0,7720.0
1357,1663847433940.0,7720.0
1358,1663847433940.0,7720.0
1359,1663847433940.0,7720.0
1360,1663847443940.0,7727.0
1361,1663847443940.0,7727.0
1362,1663847443940.0,7727.0
1363,1663847443940.0,7727.0
1364,1663847443940.0,7727.0
1365,1663847443940.0,7727.0
1366,1663847443940.0,7727.0
1367,1663847443940.0,7727.0
1368,1663847443940.0,7727.0
1369,1663847443940.0,7727.0
1370,1663847453940.0,7731.0
1371,1663847453940.0,7731.0
1372,1663847453940.0,7731.0
1373,1663847453940.0,7731.0
1374,1663847453940.0,7731.0
1375,1663847453940.0,7731.0
1376,1663847453940.0,7731.0
1377,1663847453940.0,7731.0
1378,1663847453940.0,7731.0
1379,1663847453940.0,7731.0
1380,1663847463940.0,7698.0
1381,1663847463940.0,7698.0
1382,1663847463940.0,7698.0
1383,1663847463940.0,7698.0
1384,1663847463940.0,7698.0
1385,1663847463940.0,7698.0
1386,1663847463940.0,7698.0
1387,1663847463940.0,7698.0
1388,1663847463940.0,7698.0
1389,1663847463940.0,7698.0
1390,1663847473940.0,7864.0
1391,1663847473940.0,7864.0
1392,1663847473940.0,7864.0
1393,1663847473940.0,7864.0
1394,1663847473940.0,7864.0
1395,1663847473940.0,7864.0
1396,1663847473940.0,7864.0
1397,1663847473940.0,7864.0
1398,1663847473940.0,7864.0
1399,1663847483940.0,7679.0
1400,1663847483940.0,7679.0
1401,1663847483940.0,7679.0
1402,1663847483940.0,7679.0
1403,1663847483940.0,7679.0
1404,1663847483940.0,7679.0
1405,1663847483940.0,7679.0
1406,1663847483940.0,7679.0
1407,1663847483940.0,7679.0
1408,1663847483940.0,7679.0
1409,1663847493940.0,7765.0
1410,1663847493940.0,7765.0
1411,1663847493940.0,7765.0
1412,1663847493940.0,7765.0
1413,1663847493940.0,7765.0
1414,1663847493940.0,7765.0
1415,1663847493940.0,7765.0
1416,1663847493940.0,7765.0
1417,1663847493940.0,7765.0
1418,1663847493940.0,7765.0
1419,1663847503940.0,7716.0
1420,1663847503940.0,7716.0
1421,1663847503940.0,7716.0
1422,1663847503940.0,7716.0
1423,1663847503940.0,7716.0
1424,1663847503940.0,7716.0
1425,1663847503940.0,7716.0
1426,1663847503940.0,7716.0
1427,1663847503940.0,7716.0
1428,1663847503940.0,7716.0
1429,1663847513940.0,7713.0
1430,1663847513940.0,7713.0
1431,1663847513940.0,7713.0
1432,1663847513940.0,7713.0
1433,1663847513940.0,7713.0
1434,1663847513940.0,7713.0
1435,1663847513940.0,7713.0
1436,1663847513940.0,7713.0
1437,1663847513940.0,7713.0
1438,1663847513940.0,7713.0
1439,1663847523940.0,7729.0
1440,1663847523940.0,7729.0
1441,1663847523940.0,7729.0
1442,1663847523940.0,7729.0
1443,1663847523940.0,7729.0
1444,1663847523940.0,7729.0
1445,1663847523940.0,7729.0
1446,1663847523940.0,7729.0
1447,1663847523940.0,7729.0
1448,1663847533940.0,7713.0
1449,1663847533940.0,7713.0
1450,1663847533940.0,7713.0
1451,1663847533940.0,7713.0
1452,1663847533940.0,7713.0
1453,1663847533940.0,7713.0
1454,1663847533940.0,7713.0
1455,1663847533940.0,7713.0
1456,1663847533940.0,7713.0
1457,1663847533940.0,7713.0
1458,1663847543940.0,7738.0
1459,1663847543940.0,7738.0
1460,1663847543940.0,7738.0
1461,1663847543940.0,7738.0
1462,1663847543940.0,7738.0
1463,1663847543940.0,7738.0
1464,1663847543940.0,7738.0
1465,1663847543940.0,7738.0
1466,1663847543940.0,7738.0
1467,1663847543940.0,7738.0
1468,1663847553940.0,7900.0
1469,1663847553940.0,7900.0
1470,1663847553940.0,7900.0
1471,1663847553940.0,7900.0
1472,1663847553940.0,7900.0
1473,1663847553940.0,7900.0
1474,1663847553940.0,7900.0
1475,1663847553940.0,7900.0
1476,1663847553940.0,7900.0
1477,1663847553940.0,7900.0
1478,1663847563940.0,7119.0
1479,1663847563940.0,7119.0
1480,1663847563940.0,7119.0
1481,1663847563940.0,7119.0
1482,1663847563940.0,7119.0
1483,1663847563940.0,7119.0
1484,1663847563940.0,7119.0
1485,1663847563940.0,7119.0
1486,1663847563940.0,7119.0
1487,1663847563940.0,7119.0
1488,1663847573940.0,7752.0
1489,1663847573940.0,7752.0
1490,1663847573940.0,7752.0
1491,1663847573940.0,7752.0
1492,1663847573940.0,7752.0
1493,1663847573940.0,7752.0
1494,1663847573940.0,7752.0
1495,1663847573940.0,7752.0
1496,1663847573940.0,7752.0
1497,1663847583940.0,7587.0
1498,1663847583940.0,7587.0
1499,1663847583940.0,7587.0
1500,1663847583940.0,7587.0
1501,1663847583940.0,7587.0
1502,1663847583940.0,7587.0
1503,1663847583940.0,7587.0
1504,1663847583940.0,7587.0
1505,1663847583940.0,7587.0
1506,1663847583940.0,7587.0
1507,1663847593940.0,7713.0
1508,1663847593940.0,7713.0
1509,1663847593940.0,7713.0
1510,1663847593940.0,7713.0
1511,1663847593940.0,7713.0
1512,1663847593940.0,7713.0
1513,1663847593940.0,7713.0
1514,1663847593940.0,7713.0
1515,1663847593940.0,7713.0
1516,1663847593940.0,7713.0
1517,1663847603940.0,7714.0
1518,1663847603940.0,7714.0
1519,1663847603940.0,7714.0
1520,1663847603940.0,7714.0
1521,1663847603940.0,7714.0
1522,1663847603940.0,7714.0
1523,1663847603940.0,7714.0
1524,1663847603940.0,7714.0
1525,1663847603940.0,7714.0
1526,1663847603940.0,7714.0
1527,1663847613940.0,7659.0
1528,1663847613940.0,7659.0
1529,1663847613940.0,7659.0
1530,1663847613940.0,7659.0
1531,1663847613940.0,7659.0
1532,1663847613940.0,7659.0
1533,1663847613940.0,7659.0
1534,1663847613940.0,7659.0
1535,1663847613940.0,7659.0
1536,1663847613940.0,7659.0
1537,1663847623940.0,7712.0
1538,1663847623940.0,7712.0
1539,1663847623940.0,7712.0
1540,1663847623940.0,7712.0
1541,1663847623940.0,7712.0
1542,1663847623940.0,7712.0
1543,1663847623940.0,7712.0
1544,1663847623940.0,7712.0
1545,1663847623940.0,7712.0
1546,1663847633940.0,7715.0
1547,1663847633940.0,7715.0
1548,1663847633940.0,7715.0
1549,1663847633940.0,7715.0
1550,1663847633940.0,7715.0
1551,1663847633940.0,7715.0
1552,1663847633940.0,7715.0
1553,1663847633940.0,7715.0
1554,1663847633940.0,7715.0
1555,1663847633940.0,7715.0
1556,1663847643940.0,7716.0
1557,1663847643940.0,7716.0
1558,1663847643940.0,7716.0
1559,1663847643940.0,7716.0
1560,1663847643940.0,7716.0
1561,1663847643940.0,7716.0
1562,1663847643940.0,7716.0
1563,1663847643940.0,7716.0
1564,1663847643940.0,7716.0
1565,1663847643940.0,7716.0
1566,1663847653940.0,7703.0
1567,1663847653940.0,7703.0
1568,1663847653940.0,7703.0
1569,1663847653940.0,7703.0
1570,1663847653940.0,7703.0
1571,1663847653940.0,7703.0
1572,1663847653940.0,7703.0
1573,1663847653940.0,7703.0
1574,1663847653940.0,7703.0
1575,1663847653940.0,7703.0
1576,1663847663940.0,7704.0
1577,1663847663940.0,7704.0
1578,1663847663940.0,7704.0
1579,1663847663940.0,7704.0
1580,1663847663940.0,7704.0
1581,1663847663940.0,7704.0
1582,1663847663940.0,7704.0
1583,1663847663940.0,7704.0
1584,1663847663940.0,7704.0
1585,1663847663940.0,7704.0
1586,1663847673940.0,7718.0
1587,1663847673940.0,7718.0
1588,1663847673940.0,7718.0
1589,1663847673940.0,7718.0
1590,1663847673940.0,7718.0
1591,1663847673940.0,7718.0
1592,1663847673940.0,7718.0
1593,1663847673940.0,7718.0
1594,1663847673940.0,7718.0
1595,1663847683940.0,7977.0
1596,1663847683940.0,7977.0
1597,1663847683940.0,7977.0
1598,1663847683940.0,7977.0
1599,1663847683940.0,7977.0
1600,1663847683940.0,7977.0
1601,1663847683940.0,7977.0
1602,1663847683940.0,7977.0
1603,1663847683940.0,7977.0
1604,1663847683940.0,7977.0
1605,1663847693940.0,7672.0
1606,1663847693940.0,7672.0
1607,1663847693940.0,7672.0
1608,1663847693940.0,7672.0
1609,1663847693940.0,7672.0
1610,1663847693940.0,7672.0
1611,1663847693940.0,7672.0
1612,1663847693940.0,7672.0
1613,1663847693940.0,7672.0
1614,1663847693940.0,7672.0
1615,1663847703940.0,7711.0
1616,1663847703940.0,7711.0
1617,1663847703940.0,7711.0
1618,1663847703940.0,7711.0
1619,1663847703940.0,7711.0
1620,1663847703940.0,7711.0
1621,1663847703940.0,7711.0
1622,1663847703940.0,7711.0
1623,1663847703940.0,7711.0
1624,1663847703940.0,7711.0
1625,1663847713940.0,7802.0
1626,1663847713940.0,7802.0
1627,1663847713940.0,7802.0
1628,1663847713940.0,7802.0
1629,1663847713940.0,7802.0
1630,1663847713940.0,7802.0
1631,1663847713940.0,7802.0
1632,1663847713940.0,7802.0
1633,1663847713940.0,7802.0
1634,1663847723940.0,7709.0
1635,1663847723940.0,7709.0
1636,1663847723940.0,7709.0
1637,1663847723940.0,7709.0
1638,1663847723940.0,7709.0
1639,1663847723940.0,7709.0
1640,1663847723940.0,7709.0
1641,1663847723940.0,7709.0
1642,1663847723940.0,7709.0
1643,1663847723940.0,7709.0
1644,1663847733940.0,7717.0
1645,1663847733940.0,7717.0
1646,1663847733940.0,7717.0
1647,1663847733940.0,7717.0
1648,1663847733940.0,7717.0
1649,1663847733940.0,7717.0
1650,1663847733940.0,7717.0
1651,1663847733940.0,7717.0
1652,1663847733940.0,7717.0
1653,1663847733940.0,7717.0
1654,1663847743940.0,7911.0
1655,1663847743940.0,7911.0
1656,1663847743940.0,7911.0
1657,1663847743940.0,7911.0
1658,1663847743940.0,7911.0
1659,1663847743940.0,7911.0
1660,1663847743940.0,7911.0
1661,1663847743940.0,7911.0
1662,1663847743940.0,7911.0
1663,1663847743940.0,7911.0
1664,1663847753940.0,7727.0
1665,1663847753940.0,7727.0
1666,1663847753940.0,7727.0
1667,1663847753940.0,7727.0
1668,1663847753940.0,7727.0
1669,1663847753940.0,7727.0
1670,1663847753940.0,7727.0
1671,1663847753940.0,7727.0
1672,1663847753940.0,7727.0
1673,1663847753940.0,7727.0
1674,1663847763940.0,7711.0
1675,1663847763940.0,7711.0
1676,1663847763940.0,7711.0
1677,1663847763940.0,7711.0
1678,1663847763940.0,7711.0
1679,1663847763940.0,7711.0
1680,1663847763940.0,7711.0
1681,1663847763940.0,7711.0
1682,1663847763940.0,7711.0
1683,1663847773940.0,7896.0
1684,1663847773940.0,7896.0
1685,1663847773940.0,7896.0
1686,1663847773940.0,7896.0
1687,1663847773940.0,7896.0
1688,1663847773940.0,7896.0
1689,1663847773940.0,7896.0
1690,1663847773940.0,7896.0
1691,1663847773940.0,7896.0
1692,1663847773940.0,7896.0
1693,1663847783940.0,7695.0
1694,1663847783940.0,7695.0
1695,1663847783940.0,7695.0
1696,1663847783940.0,7695.0
1697,1663847783940.0,7695.0
1698,1663847783940.0,7695.0
1699,1663847783940.0,7695.0
1700,1663847783940.0,7695.0
1701,1663847783940.0,7695.0
1702,1663847783940.0,7695.0
1703,1663847793940.0,7656.0
1704,1663847793940.0,7656.0
1705,1663847793940.0,7656.0
1706,1663847793940.0,7656.0
1707,1663847793940.0,7656.0
1708,1663847793940.0,7656.0
1709,1663847793940.0,7656.0
1710,1663847793940.0,7656.0
1711,1663847793940.0,7656.0
1712,1663847793940.0,7656.0
1713,1663847803940.0,7707.0
1714,1663847803940.0,7707.0
1715,1663847803940.0,7707.0
1716,1663847803940.0,7707.0
1717,1663847803940.0,7707.0
1718,1663847803940.0,7707.0
1719,1663847803940.0,7707.0
1720,1663847803940.0,7707.0
1721,1663847803940.0,7707.0
1722,1663847812940.0,7704.0
1723,1663847812940.0,7704.0
1724,1663847812940.0,7704.0
1725,1663847812940.0,7704.0
1726,1663847812940.0,7704.0
1727,1663847812940.0,7704.0
1728,1663847812940.0,7704.0
1729,1663847812940.0,7704.0
1730,1663847812940.0,7704.0
1731,1663847822940.0,7701.0
1732,1663847822940.0,7701.0
1733,1663847822940.0,7701.0
1734,1663847822940.0,7701.0
1735,1663847822940.0,7701.0
1736,1663847822940.0,7701.0
1737,1663847822940.0,7701.0
1738,1663847822940.0,7701.0
1739,1663847822940.0,7701.0
1740,1663847822940.0,7701.0
1741,1663847832940.0,7698.0
1742,1663847832940.0,7698.0
1743,1663847832940.0,7698.0
1744,1663847832940.0,7698.0
1745,1663847832940.0,7698.0
1746,1663847832940.0,7698.0
1747,1663847832940.0,7698.0
1748,1663847832940.0,7698.0
1749,1663847832940.0,7698.0
1750,1663847832940.0,7698.0
1751,1663847842940.0,8030.0
1752,1663847842940.0,8030.0
1753,1663847842940.0,8030.0
1754,1663847842940.0,8030.0
1755,1663847842940.0,8030.0
1756,1663847842940.0,8030.0
1757,1663847842940.0,8030.0
1758,1663847842940.0,8030.0
1759,1663847842940.0,8030.0
1760,1663847842940.0,8030.0
1761,1663847852940.0,7709.0
1762,1663847852940.0,7709.0
1763,1663847852940.0,7709.0
1764,1663847852940.0,7709.0
1765,1663847852940.0,7709.0
1766,1663847852940.0,7709.0
1767,1663847852940.0,7709.0
1768,1663847852940.0,7709.0
1769,1663847852940.0,7709.0
1770,1663847862940.0,7731.0
1771,1663847862940.0,7731.0
1772,1663847862940.0,7731.0
1773,1663847862940.0,7731.0
1774,1663847862940.0,7731.0
1775,1663847862940.0,7731.0
1776,1663847862940.0,7731.0
1777,1663847862940.0,7731.0
1778,1663847862940.0,7731.0
1779,1663847862940.0,7731.0
1780,1663847872940.0,7730.0
1781,1663847872940.0,7730.0
1782,1663847872940.0,7730.0
1783,1663847872940.0,7730.0
1784,1663847872940.0,7730.0
1785,1663847872940.0,7730.0
1786,1663847872940.0,7730.0
1787,1663847872940.0,7730.0
1788,1663847872940.0,7730.0
1789,1663847872940.0,7730.0
1790,1663847882940.0,7715.0
1791,1663847882940.0,7715.0
1792,1663847882940.0,7715.0
1793,1663847882940.0,7715.0
1794,1663847882940.0,7715.0
1795,1663847882940.0,7715.0
1796,1663847882940.0,7715.0
1797,1663847882940.0,7715.0
1798,1663847882940.0,7715.0
1799,1663847882940.0,7715.0
1800,1663847892940.0,7737.0
1801,1663847892940.0,7737.0
1802,1663847892940.0,7737.0
1803,1663847892940.0,7737.0
1804,1663847892940.0,7737.0
1805,1663847892940.0,7737.0
1806,1663847892940.0,7737.0
1807,1663847892940.0,7737.0
1808,1663847892940.0,7737.0
1809,1663847902940.0,7824.0
1810,1663847902940.0,7824.0
1811,1663847902940.0,7824.0
1812,1663847902940.0,7824.0
1813,1663847902940.0,7824.0
1814,1663847902940.0,7824.0
1815,1663847902940.0,7824.0
1816,1663847902940.0,7824.0
1817,1663847902940.0,7824.0
1818,1663847902940.0,7824.0
1819,1663847912940.0,7711.0
1820,1663847912940.0,7711.0
1821,1663847912940.0,7711.0
1822,1663847912940.0,7711.0
1823,1663847912940.0,7711.0
1824,1663847912940.0,7711.0
1825,1663847912940.0,7711.0
1826,1663847912940.0,7711.0
1827,1663847912940.0,7711.0
1828,1663847912940.0,7711.0
1829,1663847922940.0,7628.0
1830,1663847922940.0,7628.0
1831,1663847922940.0,7628.0
1832,1663847922940.0,7628.0
1833,1663847922940.0,7628.0
1834,1663847922940.0,7628.0
1835,1663847922940.0,7628.0
1836,1663847922940.0,7628.0
1837,1663847922940.0,7628.0
1838,1663847922940.0,7628.0
1839,1663847932940.0,7730.0
1840,1663847932940.0,7730.0
1841,1663847932940.0,7730.0
1842,1663847932940.0,7730.0
1843,1663847932940.0,7730.0
1844,1663847932940.0,7730.0
1845,1663847932940.0,7730.0
1846,1663847932940.0,7730.0
1847,1663847932940.0,7730.0
1848,1663847932940.0,7730.0
1849,1663847942940.0,7738.0
1850,1663847942940.0,7738.0
1851,1663847942940.0,7738.0
1852,1663847942940.0,7738.0
1853,1663847942940.0,7738.0
1854,1663847942940.0,7738.0
1855,1663847942940.0,7738.0
1856,1663847942940.0,7738.0
1857,1663847942940.0,7738.0
1858,1663847952940.0,7717.0
1859,1663847952940.0,7717.0
1860,1663847952940.0,7717.0
1861,1663847952940.0,7717.0
1862,1663847952940.0,7717.0
1863,1663847952940.0,7717.0
1864,1663847952940.0,7717.0
1865,1663847952940.0,7717.0
1866,1663847952940.0,7717.0
1867,1663847952940.0,7717.0
1868,1663847962940.0,7715.0
1869,1663847962940.0,7715.0
1870,1663847962940.0,7715.0
1871,1663847962940.0,7715.0
1872,1663847962940.0,7715.0
1873,1663847962940.0,7715.0
1874,1663847962940.0,7715.0
1875,1663847962940.0,7715.0
1876,1663847962940.0,7715.0
1877,1663847962940.0,7715.0
1878,1663847972940.0,7723.0
1879,1663847972940.0,7723.0
1880,1663847972940.0,7723.0
1881,1663847972940.0,7723.0
1882,1663847972940.0,7723.0
1883,1663847972940.0,7723.0
1884,1663847972940.0,7723.0
1885,1663847972940.0,7723.0
1886,1663847972940.0,7723.0
1887,1663847972940.0,7723.0
1888,1663847982940.0,7731.0
1889,1663847982940.0,7731.0
1890,1663847982940.0,7731.0
1891,1663847982940.0,7731.0
1892,1663847982940.0,7731.0
1893,1663847982940.0,7731.0
1894,1663847982940.0,7731.0
1895,1663847982940.0,7731.0
1896,1663847982940.0,7731.0
1897,1663847992940.0,7482.0
1898,1663847992940.0,7482.0
1899,1663847992940.0,7482.0
1900,1663847992940.0,7482.0
1901,1663847992940.0,7482.0
1902,1663847992940.0,7482.0
1903,1663847992940.0,7482.0
1904,1663847992940.0,7482.0
1905,1663847992940.0,7482.0
1906,1663847992940.0,7482.0
1907,1663848002940.0,7098.0
1908,1663848002940.0,7098.0
1909,1663848002940.0,7098.0
1910,1663848002940.0,7098.0
1911,1663848002940.0,7098.0
1912,1663848002940.0,7098.0
1913,1663848002940.0,7098.0
1914,1663848002940.0,7098.0
1915,1663848002940.0,7098.0
1916,1663848002940.0,7098.0
1917,1663848012940.0,7330.0
1918,1663848012940.0,7330.0
1919,1663848012940.0,7330.0
1920,1663848012940.0,7330.0
1921,1663848012940.0,7330.0
1922,1663848012940.0,7330.0
1923,1663848012940.0,7330.0
1924,1663848012940.0,7330.0
1925,1663848012940.0,7330.0
1926,1663848012940.0,7330.0
1927,1663848022940.0,8323.0
1928,1663848022940.0,8323.0
1929,1663848022940.0,8323.0
1930,1663848022940.0,8323.0
1931,1663848022940.0,8323.0
1932,1663848022940.0,8323.0
1933,1663848022940.0,8323.0
1934,1663848022940.0,8323.0
1935,1663848022940.0,8323.0
1936,1663848032940.0,7657.0
1937,1663848032940.0,7657.0
1938,1663848032940.0,7657.0
1939,1663848032940.0,7657.0
1940,1663848032940.0,7657.0
1941,1663848032940.0,7657.0
1942,1663848032940.0,7657.0
1943,1663848032940.0,7657.0
1944,1663848032940.0,7657.0
1945,1663848032940.0,7657.0
1946,1663848042940.0,7926.0
1947,1663848042940.0,7926.0
1948,1663848042940.0,7926.0
1949,1663848042940.0,7926.0
1950,1663848042940.0,7926.0
1951,1663848042940.0,7926.0
1952,1663848042940.0,7926.0
1953,1663848042940.0,7926.0
1954,1663848042940.0,7926.0
1955,1663848042940.0,7926.0
1956,1663848052940.0,7707.0
1957,1663848052940.0,7707.0
1958,1663848052940.0,7707.0
1959,1663848052940.0,7707.0
1960,1663848052940.0,7707.0
1961,1663848052940.0,7707.0
1962,1663848052940.0,7707.0
1963,1663848052940.0,7707.0
1964,1663848052940.0,7707.0
1965,1663848052940.0,7707.0
1966,1663848062940.0,3950.0
1967,1663848062940.0,3950.0
1968,1663848062940.0,3950.0
1969,1663848062940.0,3950.0
1970,1663848062940.0,3950.0
1971,1663848062940.0,3950.0
1972,1663848062940.0,3950.0
1973,1663848062940.0,3950.0
1974,1663848062940.0,3950.0
1975,1663848072940.0,7865.0
1976,1663848072940.0,7865.0
1977,1663848072940.0,7865.0
1978,1663848072940.0,7865.0
1979,1663848072940.0,7865.0
1980,1663848072940.0,7865.0
1981,1663848072940.0,7865.0
1982,1663848072940.0,7865.0
1983,1663848072940.0,7865.0
1984,1663848072940.0,7865.0
1985,1663848082940.0,7727.0
1986,1663848082940.0,7727.0
1987,1663848082940.0,7727.0
1988,1663848082940.0,7727.0
1989,1663848082940.0,7727.0
1990,1663848082940.0,7727.0
1991,1663848082940.0,7727.0
1992,1663848082940.0,7727.0
1993,1663848082940.0,7727.0
1994,1663848082940.0,7727.0
1995,1663848092940.0,7767.0
1996,1663848092940.0,7767.0
1997,1663848092940.0,7767.0
1998,1663848092940.0,7767.0
1999,1663848092940.0,7767.0
2000,1663848092940.0,7767.0
2001,1663848092940.0,7767.0
2002,1663848092940.0,7767.0
2003,1663848092940.0,7767.0
2004,1663848092940.0,7767.0
2005,1663848102940.0,8242.0
2006,1663848102940.0,8242.0
2007,1663848102940.0,8242.0
2008,1663848102940.0,8242.0
2009,1663848102940.0,8242.0
2010,1663848102940.0,8242.0
2011,1663848102940.0,8242.0
2012,1663848102940.0,8242.0
2013,1663848102940.0,8242.0
2014,1663848112940.0,7786.0
2015,1663848112940.0,7786.0
2016,1663848112940.0,7786.0
2017,1663848112940.0,7786.0
2018,1663848112940.0,7786.0
2019,1663848112940.0,7786.0
2020,1663848112940.0,7786.0
2021,1663848112940.0,7786.0
2022,1663848112940.0,7786.0
2023,1663848112940.0,7786.0
2024,1663848122940.0,7746.0
2025,1663848122940.0,7746.0
2026,1663848122940.0,7746.0
2027,1663848122940.0,7746.0
2028,1663848122940.0,7746.0
2029,1663848122940.0,7746.0
2030,1663848122940.0,7746.0
2031,1663848122940.0,7746.0
2032,1663848122940.0,7746.0
2033,1663848122940.0,7746.0
2034,1663848132940.0,7734.0
2035,1663848132940.0,7734.0
2036,1663848132940.0,7734.0
2037,1663848132940.0,7734.0
2038,1663848132940.0,7734.0
2039,1663848132940.0,7734.0
2040,1663848132940.0,7734.0
2041,1663848132940.0,7734.0
2042,1663848132940.0,7734.0
2043,1663848132940.0,7734.0
2044,1663848142940.0,7723.0
2045,1663848142940.0,7723.0
2046,1663848142940.0,7723.0
2047,1663848142940.0,7723.0
2048,1663848142940.0,7723.0
2049,1663848142940.0,7723.0
2050,1663848142940.0,7723.0
2051,1663848142940.0,7723.0
2052,1663848142940.0,7723.0
2053,1663848152940.0,7720.0
2054,1663848152940.0,7720.0
2055,1663848152940.0,7720.0
2056,1663848152940.0,7720.0
2057,1663848152940.0,7720.0
2058,1663848152940.0,7720.0
2059,1663848152940.0,7720.0
2060,1663848152940.0,7720.0
2061,1663848152940.0,7720.0
2062,1663848152940.0,7720.0
2063,1663848162940.0,7498.0
2064,1663848162940.0,7498.0
2065,1663848162940.0,7498.0
2066,1663848162940.0,7498.0
2067,1663848162940.0,7498.0
2068,1663848162940.0,7498.0
2069,1663848162940.0,7498.0
2070,1663848162940.0,7498.0
2071,1663848162940.0,7498.0
2072,1663848162940.0,7498.0
2073,1663848172940.0,7721.0
2074,1663848172940.0,7721.0
2075,1663848172940.0,7721.0
2076,1663848172940.0,7721.0
2077,1663848172940.0,7721.0
2078,1663848172940.0,7721.0
2079,1663848172940.0,7721.0
2080,1663848172940.0,7721.0
2081,1663848172940.0,7721.0
2082,1663848172940.0,7721.0
2083,1663848182940.0,7748.0
2084,1663848182940.0,7748.0
2085,1663848182940.0,7748.0
2086,1663848182940.0,7748.0
2087,1663848182940.0,7748.0
2088,1663848182940.0,7748.0
2089,1663848182940.0,7748.0
2090,1663848182940.0,7748.0
2091,1663848182940.0,7748.0
2092,1663848192940.0,7712.0
2093,1663848192940.0,7712.0
2094,1663848192940.0,7712.0
2095,1663848192940.0,7712.0
2096,1663848192940.0,7712.0
2097,1663848192940.0,7712.0
2098,1663848192940.0,7712.0
2099,1663848192940.0,7712.0
2100,1663848192940.0,7712.0
2101,1663848192940.0,7712.0
2102,1663848202940.0,7730.0
2103,1663848202940.0,7730.0
2104,1663848202940.0,7730.0
2105,1663848202940.0,7730.0
2106,1663848202940.0,7730.0
2107,1663848202940.0,7730.0
2108,1663848202940.0,7730.0
2109,1663848202940.0,7730.0
2110,1663848202940.0,7730.0
2111,1663848202940.0,7730.0
2112,1663848213940.0,7703.0
2113,1663848213940.0,7703.0
2114,1663848213940.0,7703.0
2115,1663848213940.0,7703.0
2116,1663848213940.0,7703.0
2117,1663848213940.0,7703.0
2118,1663848213940.0,7703.0
2119,1663848213940.0,7703.0
2120,1663848213940.0,7703.0
2121,1663848223940.0,7717.0
2122,1663848223940.0,7717.0
2123,1663848223940.0,7717.0
2124,1663848223940.0,7717.0
2125,1663848223940.0,7717.0
2126,1663848223940.0,7717.0
2127,1663848223940.0,7717.0
2128,1663848223940.0,7717.0
2129,1663848223940.0,7717.0
2130,1663848223940.0,7717.0
2131,1663848233940.0,7719.0
2132,1663848233940.0,7719.0
2133,1663848233940.0,7719.0
2134,1663848233940.0,7719.0
2135,1663848233940.0,7719.0
2136,1663848233940.0,7719.0
2137,1663848233940.0,7719.0
2138,1663848233940.0,7719.0
2139,1663848233940.0,7719.0
2140,1663848233940.0,7719.0
2141,1663848243940.0,7704.0
2142,1663848243940.0,7704.0
2143,1663848243940.0,7704.0
2144,1663848243940.0,7704.0
2145,1663848243940.0,7704.0
2146,1663848243940.0,7704.0
2147,1663848243940.0,7704.0
2148,1663848243940.0,7704.0
2149,1663848243940.0,7704.0
2150,1663848243940.0,7704.0
2151,1663848253940.0,7721.0
2152,1663848253940.0,7721.0
2153,1663848253940.0,7721.0
2154,1663848253940.0,7721.0
2155,1663848253940.0,7721.0
2156,1663848253940.0,7721.0
2157,1663848253940.0,7721.0
2158,1663848253940.0,7721.0
2159,1663848253940.0,7721.0
2160,1663848263940.0,7630.0
2161,1663848263940.0,7630.0
2162,1663848263940.0,7630.0
2163,1663848263940.0,7630.0
2164,1663848263940.0,7630.0
2165,1663848263940.0,7630.0
2166,1663848263940.0,7630.0
2167,1663848263940.0,7630.0
2168,1663848263940.0,7630.0
2169,1663848263940.0,7630.0
2170,1663848273940.0,7773.0
2171,1663848273940.0,7773.0
2172,1663848273940.0,7773.0
2173,1663848273940.0,7773.0
2174,1663848273940.0,7773.0
2175,1663848273940.0,7773.0
2176,1663848273940.0,7773.0
2177,1663848273940.0,7773.0
2178,1663848273940.0,7773.0
2179,1663848273940.0,7773.0
2180,1663848283940.0,7729.0
2181,1663848283940.0,7729.0
2182,1663848283940.0,7729.0
2183,1663848283940.0,7729.0
2184,1663848283940.0,7729.0
2185,1663848283940.0,7729.0
2186,1663848283940.0,7729.0
2187,1663848283940.0,7729.0
2188,1663848283940.0,7729.0
2189,1663848293940.0,7709.0
2190,1663848293940.0,7709.0
2191,1663848293940.0,7709.0
2192,1663848293940.0,7709.0
2193,1663848293940.0,7709.0
2194,1663848293940.0,7709.0
2195,1663848293940.0,7709.0
2196,1663848293940.0,7709.0
2197,1663848293940.0,7709.0
2198,1663848293940.0,7709.0
2199,1663848303940.0,7726.0
2200,1663848303940.0,7726.0
2201,1663848303940.0,7726.0
2202,1663848303940.0,7726.0
2203,1663848303940.0,7726.0
2204,1663848303940.0,7726.0
2205,1663848303940.0,7726.0
2206,1663848303940.0,7726.0
2207,1663848303940.0,7726.0
2208,1663848303940.0,7726.0
2209,1663848313940.0,7687.0
2210,1663848313940.0,7687.0
2211,1663848313940.0,7687.0
2212,1663848313940.0,7687.0
2213,1663848313940.0,7687.0
2214,1663848313940.0,7687.0
2215,1663848313940.0,7687.0
2216,1663848313940.0,7687.0
2217,1663848313940.0,7687.0
2218,1663848313940.0,7687.0
2219,1663848323940.0,7716.0
2220,1663848323940.0,7716.0
2221,1663848323940.0,7716.0
2222,1663848323940.0,7716.0
2223,1663848323940.0,7716.0
2224,1663848323940.0,7716.0
2225,1663848323940.0,7716.0
2226,1663848323940.0,7716.0
2227,1663848323940.0,7716.0
2228,1663848333940.0,7727.0
2229,1663848333940.0,7727.0
2230,1663848333940.0,7727.0
2231,1663848333940.0,7727.0
2232,1663848333940.0,7727.0
2233,1663848333940.0,7727.0
2234,1663848333940.0,7727.0
2235,1663848333940.0,7727.0
2236,1663848333940.0,7727.0
2237,1663848333940.0,7727.0
2238,1663848343940.0,7719.0
2239,1663848343940.0,7719.0
2240,1663848343940.0,7719.0
2241,1663848343940.0,7719.0
2242,1663848343940.0,7719.0
2243,1663848343940.0,7719.0
2244,1663848343940.0,7719.0
2245,1663848343940.0,7719.0
2246,1663848343940.0,7719.0
2247,1663848343940.0,7719.0
2248,1663848353940.0,7770.0
2249,1663848353940.0,7770.0
2250,1663848353940.0,7770.0
2251,1663848353940.0,7770.0
2252,1663848353940.0,7770.0
2253,1663848353940.0,7770.0
2254,1663848353940.0,7770.0
